unit_id,po_id,supplier_id,sku,asin,fnsku,expected_qty,received_qty,variant,carton_condition,unit_condition,verdict,route,prep_required,claim_eligible,sha256_seal
UNIT-0001,PO-2026-0891,SUP-GLOBAL-01,BLUE-BOTTLE-001,B09X87K12L,X0029F7651,24,24,Ocean Blue,INTACT,INTACT,ACCEPT,FBA,YES,NO,7c98b8398e0a7f1a30682b13b19c67f781a798b3f2e1a3d4e5f6a7b8c9d0e1f2
UNIT-0002,PO-2026-0892,SUP-GLOBAL-01,BLUE-BOTTLE-001,B09X87K12L,X0029F7651,24,22,Ocean Blue,INTACT,INTACT,EXCEPTION,FBA,YES,YES,4f89d31b8a9c2e0f76543210fedcba9876543210abcdef0123456789abcdef01
UNIT-0003,PO-2026-0893,SUP-GLOBAL-01,BLUE-BOTTLE-001,B09X87K12L,X0029F7651,24,28,Ocean Blue,INTACT,INTACT,EXCEPTION,FBA,YES,YES,1234567890abcdef1234567890abcdef1234567890abcdef1234567890abcdef
UNIT-0004,PO-2026-0894,SUP-GLOBAL-02,RED-TUMBLER-999,B08Y99M34Z,X0099T1122,50,50,Crimson Red,INTACT,INTACT,REJECT,3PL,NO,YES,abcdef0123456789abcdef0123456789abcdef0123456789abcdef0123456789
UNIT-0005,PO-2026-0895,SUP-GLOBAL-01,BLUE-BOTTLE-001,B09X87K12L,X0029F7651,24,24,Matte Black,INTACT,INTACT,EXCEPTION,FBA,YES,YES,a1b2c3d4e5f60718293a4b5c6d7e8f90123456789abcdef0123456789abcdef0
UNIT-0006,PO-2026-0896,SUP-PACIFIC-04,STAN-FLASK-750,B07K11V55P,X0044P9988,36,36,Brushed Steel,CRUSHED,DAMAGED,EXCEPTION,FBA,NO,YES,b2c3d4e5f6a708192a3b4c5d6e7f8a90123456789abcdef0123456789abcdef0
UNIT-0007,PO-2026-0897,SUP-PACIFIC-04,STAN-FLASK-750,B07K11V55P,X0044P9988,36,36,Brushed Steel,WATER_DAMAGED,DAMAGED,EXCEPTION,3PL,NO,YES,c3d4e5f6a7b8091a2b3c4d5e6f7a8b90123456789abcdef0123456789abcdef0
UNIT-0008,PO-2026-0898,SUP-PACIFIC-04,STAN-FLASK-750,B07K11V55P,X0044P9988,36,36,Brushed Steel,TORN,INTACT,EXCEPTION,FBA,YES,YES,d4e5f6a7b8c90a1b2c3d4e5f6a7b8c90123456789abcdef0123456789abcdef0
UNIT-0009,PO-2026-0899,SUP-ATLAS-09,BLENDER-SET-200,B09M22W88Q,X0077Q4433,10,10,Midnight Grey,INTACT,MISSING_PARTS,EXCEPTION,FBA,NO,YES,e5f6a7b8c9d00b1c2d3e4f5a6b7c8d90123456789abcdef0123456789abcdef0
UNIT-0010,PO-2026-0900,SUP-GLOBAL-01,BLUE-BOTTLE-001,B09X87K12L,X0029F7651,24,0,UNKNOWN,BLURRED,UNKNOWN,UNCERTAIN,FBA,UNKNOWN,NO,f6a7b8c9d0e10c1d2e3f4a5b6c7d8e90123456789abcdef0123456789abcdef0
UNIT-0011,PO-2026-0901,SUP-GLOBAL-01,BLUE-BOTTLE-001,B09X87K12L,X0029F7651,24,0,UNKNOWN,OCCLUDED,UNKNOWN,UNCERTAIN,3PL,UNKNOWN,NO,0718293a4b5c0d1e2f3a4b5c6d7e8f90123456789abcdef0123456789abcdef0
UNIT-0012,PO-2026-0902,SUP-GLOBAL-01,BLUE-BOTTLE-001,B09X87K12L,X0029F7651,24,0,UNKNOWN,SEALED,UNKNOWN,UNCERTAIN,FBA,UNKNOWN,NO,18293a4b5c6d0e1f2a3b4c5d6e7f8a90123456789abcdef0123456789abcdef0
UNIT-0013,PO-2026-0903,SUP-ROGUE-99,BLUE-BOTTLE-001,B09X87K12L,X0029F7651,24,24,Ocean Blue,TAMPERED,INTACT,EXCEPTION,3PL,NO,YES,293a4b5c6d7e0f1a2b3c4d5e6f7a8b90123456789abcdef0123456789abcdef0
